{"stats":{"minecraft:mined":{"minecraft:iron_ore":1,"minecraft:crafting_table":1,"minecraft:short_grass":2,"minecraft:oak_log":18,"minecraft:grass_block":3,"minecraft:coal_ore":17,"minecraft:dirt":7,"minecraft:tall_grass":1,"minecraft:stone":23,"minecraft:oak_leaves":3},"minecraft:used":{"minecraft:stone_sword":25,"minecraft:stone_pickaxe":26,"minecraft:wooden_pickaxe":15,"minecraft:stone_axe":14,"minecraft:dirt":2,"minecraft:crafting_table":2,"minecraft:furnace":1,"minecraft:cooked_porkchop":2,"minecraft:white_bed":1},"minecraft:killed":{"minecraft:sheep":4,"minecraft:zombie":2,"minecraft:pig":7,"minecraft:chicken":1},"minecraft:custom":{"minecraft:time_since_rest":3854,"minecraft:interact_with_furnace":2,"minecraft:sprint_one_cm":36970,"minecraft:damage_taken":185,"minecraft:walk_one_cm":15074,"minecraft:mob_kills":15,"minecraft:damage_dealt":1538,"minecraft:swim_one_cm":768,"minecraft:interact_with_crafting_table":5,"minecraft:fly_one_cm":21532,"minecraft:crouch_one_cm":44,"minecraft:play_time":43632,"minecraft:sneak_time":139,"minecraft:walk_under_water_one_cm":44,"minecraft:jump":144,"minecraft:leave_game":1,"minecraft:walk_on_water_one_cm":1122,"minecraft:time_since_death":43632,"minecraft:sleep_in_bed":3,"minecraft:total_world_time":43632,"minecraft:fall_one_cm":3238},"minecraft:picked_up":{"minecraft:crafting_table":1,"minecraft:raw_iron":1,"minecraft:feather":1,"minecraft:chicken":1,"minecraft:porkchop":14,"minecraft:oak_log":18,"minecraft:dirt":10,"minecraft:mutton":7,"minecraft:coal":17,"minecraft:white_wool":4,"minecraft:cobblestone":23},"minecraft:crafted":{"minecraft:oak_planks":48,"minecraft:cooked_porkchop":4,"minecraft:crafting_table":1,"minecraft:stick":8,"minecraft:wooden_pickaxe":1,"minecraft:stone_pickaxe":1,"minecraft:stone_sword":1,"minecraft:furnace":1,"minecraft:white_bed":1,"minecraft:stone_axe":1}},"DataVersion":3839}